{"Q7/bL7/6v2xahZ4UDJzQDA==":"iconn.png-350x350.png","NZ/CbSl82KdTibkJuf39fA==":"iconn.png-96x96.png","RcBfoQiO4d5sHXttsQdKlQ==":"neil-150x150.jpg-150x150.jpg","rWqFa7hWA6WqX7fwoesrMw==":"helene-150x150.jpg-150x150.jpg","OZ+g3uxVgMutkmLLPj2Z/g==":"helene-150x150.jpg-150x150.jpeg","vdC/g8G71DgjNZRK1xaVGg==":"helene-150x150.jpg-1-150x150.jpeg","BcJfBQJU0zWOk94o/4aUnA==":"20190604-140048-150x150.jpg-150x150.jpg","KKziPguJDJzTJacZbVar7A==":"20190604-093436-scaled.jpg-816x1088.jpg","gaOlY3AAVsKDs3ujToH/3g==":"neil-scaled.jpg-816x1088.jpg","dpPZEigDxNquwDpQQaBy+Q==":"neil-scaled.jpg-816x1088.jpeg","gAYSZeLANVto6piWAcUPSw==":"20190604-140048-scaled.jpg-816x612.jpg","i/+ICwZ55GRnwZwsXuPBoQ==":"20190604-140509-scaled.jpg-1598x1199.jpg","aNgQhySPoqR9GClIiXoLVg==":"shop3.jpeg"}